"","cmt1","cmt2","cmt3","cmt4","cmt5","cmt6","cmt7","cmt8","cmt9","cmt10","cmt11","cmt12","cmt13","cmt14","cmt15","cmt16","cmt17","cmt18","cmt19","cmt20","cmt21","cmt22","cmt23","cmt24","cmt25","cmt26"
"TCGA-IB-A6UG-01A",0.175107521097937,0.274818748090449,0.0821132878748798,-0.435314768717518,0.295128924394216,0.19351283426728,0.221390158993495,0.104875293349988,0.260672178095876,-0.0978359704159429,0.230740744512435,0.628137015680729,-0.28420894752833,-0.231198992530873,-0.235239155016684,-0.0772533044035256,0.214210967486685,-0.365156022533544,-0.338878319290943,0.143989383721869,0.221306686725493,-0.168648988014515,-0.159595178009224,-0.0968008494465961,0.328064958370092,-0.329888842733664
"TCGA-3A-A9IU-01A",0.239407932892384,0.318113023754161,0.193247464901722,-0.554462456197675,0.276571129681187,-0.253790460903103,0.287314059225611,0.0539457527174222,0.274755333171958,-0.304769690236349,-3.4093550768157,-1.056185761524,-0.320023904403966,-0.0882722735914229,-0.330268479310515,0.108613752820813,0.233835976026535,-0.378756789044314,-0.3894607992243,0.212390734810352,0.235106729886153,-0.277527470310723,-0.309977036297917,-0.112055539413466,0.194803139813514,-0.273795308721781
"TCGA-IB-AAUQ-01A",0.250853610490076,0.191601768244487,0.151342625297208,-0.194553276082972,0.223853167105706,-0.0814249177369717,0.236264738874526,0.0153822413295597,0.156298523621514,0.000342265038566889,0.412945469006825,-0.16659185217822,0.018212363444297,3.57867370824059,-0.312984791825755,-0.338080428402231,0.160683192084955,-0.483070477383553,-0.153810096804021,0.169023805929086,0.217844206232978,-0.696067633127112,-0.173424755043132,-0.0708959449729191,0.251887767751065,-0.156158249041304
"TCGA-HV-A5A3-01A",0.231308387216498,0.33709501118615,0.167908359295774,-0.462301581578424,0.330849288551463,-0.0518183845102821,0.306535976426155,0.135043043289909,0.368070389676055,-0.434494880066592,0.133746186458706,-0.438183627008472,-0.438778981231833,-0.128269790442598,-0.225066275100119,0.106445840414408,0.317130398418832,-0.55434243888444,-0.56431013561593,0.241656918574151,0.235764693581122,0.205268635913901,-0.421411993874932,-0.137249259651646,0.235706385098418,-0.261631313535204
"TCGA-HV-AA8V-01A",0.300515974731993,0.237669689592062,0.224992654924054,-0.289816626996356,0.163633750169832,-0.243202794858005,0.273819701776083,0.221893890470053,0.15789986351764,-0.189951648006812,0.427438969209572,-0.982681362385194,0.546742395338308,-0.410952561131446,-0.349164602156728,-0.328782259497392,0.238641283166363,-0.634968826143681,-0.131707501038931,0.199420609813766,0.222788079390417,-0.47840976535275,-0.208016956096469,-0.0746670810195104,0.215124505877746,-0.221311750472258
"TCGA-HV-A5A5-01A",0.318621999550828,0.27296474429633,0.169412135731024,-0.17200065841128,0.170567475688608,-0.228155201519612,0.260565128605313,0.373333501017802,0.182417419649051,-0.271737284045621,0.261445766057152,-0.518075920506048,0.521178033327032,-0.3342955655127,-0.350832286242267,-0.318698043294867,0.274360590846849,0.0993243793179285,-0.228031562387057,0.202197510833412,0.214405249719317,-0.564723273944658,-0.169112092788363,-0.0516966797453318,0.166977317016705,-0.227739123976087
"TCGA-F2-6880-01A",0.271596813522645,0.264738699479984,0.0935737847175881,-0.348412108857247,0.192268354136047,-0.592500328567309,0.217917737738457,0.0849315416088931,0.218450462926894,0.0273456555046716,0.294356268669455,0.825411789247421,0.335367337699792,-0.40799882519959,-0.36999010357846,-0.339623047594541,-3.79636820251481,1.11617860125654,-0.166669533712656,0.129571146344198,0.200312871282467,-0.455166009456302,0.0439967612147172,-0.0120514704964076,0.340936632058768,-0.313209661314701
"TCGA-M8-A5N4-01A",0.243192584454723,0.286773863280198,0.249029374337436,-0.27130594667695,0.153855157386504,-0.243050510693612,0.288594121506086,0.325746677469769,0.206123665319374,-0.320221129836078,0.288003460908488,-1.57349543392427,0.145302856075489,-0.192552812983489,-0.329349535846388,-0.0254132433969077,0.333372292436673,-0.584435554997877,-0.167948378414466,0.279351369576305,0.223439773346954,-0.120537872994266,-0.270875133267247,-0.104461692129844,0.175897187903461,-0.24113503158606
"TCGA-3A-A9IJ-01A",-4.2199660920816,0.21901413543848,0.0341029172811149,4.21572817043543,0.179902300514056,-0.252619346683754,-4.01382234715094,-4.15065095184033,-4.19588870924733,3.87351163085366,0.247340866229981,3.45754528813586,-3.45847243025331,-0.318091957797836,-0.362289456674875,-0.44448638425571,-3.77265900378623,3.87633298513367,4.44975208325031,0.162925755651087,-4.57114369535531,-0.637416242012869,3.84981657473289,-0.0118091214434945,0.195572510536714,4.25694581611782
"TCGA-HZ-8637-01A",0.266392809225531,0.193806748647644,0.21293804037687,-0.298120319998301,0.146911286884992,-0.389639820112785,0.179892705943389,0.349819726772549,0.0778457170685463,-0.0614806819118349,0.293591288306661,0.472906100695185,0.812461304257434,-0.333598251580872,-0.296280071798684,-0.260405046030877,0.242465285983315,0.921529463979438,3.91770229065521,0.242721203425924,0.182472355494636,-0.681251428370884,-0.0390028018217328,-0.030104382516257,0.132336796413806,-0.169852720448499
"TCGA-IB-AAUN-01A",0.186697301947054,0.257723954295869,0.144048816928132,-0.260202929660019,0.278991018216242,0.175587598092399,0.28625712441534,0.28034583911486,0.271516131749987,-0.41213117736364,0.131683253330666,-0.873710566620477,0.0667499130151892,-0.152681170686763,-0.219709826863028,-0.00972684357250389,0.313037075871933,-0.240050972276058,-0.46484148725748,0.209651471953916,0.213886904825957,-0.187263974155495,-0.295603528604198,-0.11319853936136,0.200726989413577,-0.332373402008989
"TCGA-IB-AAUW-01A",0.318955898057864,0.185074089994385,0.145585680402211,-0.196507956364522,0.183283811352608,-0.667100450028149,0.236407632561327,0.368070296900742,0.150584892076771,-0.0943504535974172,0.347392056397074,-0.0852493989852118,0.281697498190909,-0.375259439699185,-0.384171428815138,-0.270385764394378,0.222134401050757,0.134369778671167,-0.0937915134324669,0.1840091475593,0.220124128334307,-0.632213408972117,-0.138901764466871,-0.0258608406586241,0.193917061116032,-0.282005882991917
"TCGA-IB-7888-01A",0.268659268194126,0.233391470922121,0.194599566593586,0.0902440257106874,0.0896012739110517,-0.364184435858535,0.205499194809197,0.40445558105829,0.107510181551644,-0.123984606373976,0.354322691167021,0.0107590966881529,0.501428415865703,-0.370729211693509,-0.311148903404432,-0.438132296757893,0.244290629796354,0.255487300527867,0.0147554630712762,0.25173890264076,0.211515478434004,-0.637245918731606,-0.149637953622063,-0.0422068427102268,0.245970007523547,-0.136682384353267
"TCGA-2L-AAQA-01A",0.164436205352181,0.335844537964846,0.0875626961887922,0.0174971767573479,0.314873141822097,0.0188127112970086,0.274068248074423,0.172504922962148,0.399334868352016,-0.402271702906947,0.108803941225925,-0.402613045507785,-0.0491476710802184,-0.104919013963291,-0.231210414858694,0.160127078436248,0.309510268933971,-0.382094814471462,-0.47441337057337,0.240747582145863,0.213890563004024,2.87783760199827,-0.49723801624604,-0.141612276472428,0.263932096690249,-0.243775627913085
"TCGA-RB-A7B8-01A",0.238100627238557,-3.99049065850318,0.189795100713683,-0.0428380455148336,0.22856609187195,-0.167312813253153,0.246843925558955,0.252475654267434,0.181251418775311,-0.210905394332798,0.311868962340651,0.0729694923255663,0.544918632201413,-0.112014364635296,-0.286440323002321,-0.0690128210137696,0.287878417200372,-0.723628135159864,-0.178188196659453,0.221288502250896,0.214201079524888,-0.396533245262634,-0.26412211538076,-0.0934543200524326,0.216158489334961,-0.171213260166527
"TCGA-2L-AAQM-01A",-4.31036529024318,0.0691164267637159,0.0655202128499666,3.37735850894542,-4.58810176808458,-0.0251387337642199,0.0601540663814018,-4.49817907799709,-4.27419520999215,4.11753348406408,0.231075419683274,3.83070418927322,-4.16215545254342,-0.365150959404106,-0.327042949080322,-0.274041741079005,-3.84228679728076,3.95402274335212,0.0414341606774585,-4.62296621051177,-4.58624888075967,-0.602177149414755,3.76107432801491,-0.00486144852840131,0.11971543693248,4.2492088209849
"TCGA-2J-AABE-01A",0.214794046951895,0.292208071825492,0.11209446805424,-0.302936575576676,0.250769126955032,-0.0546788750467792,0.272826573208519,0.210764548078956,0.298667381814123,-0.347717806812444,0.254034499226726,-0.847847033038091,0.398520580052821,-0.227106683974094,-0.261908500545654,-0.108171407334067,0.276974661003616,-0.630742770522045,-0.288064190234288,0.216998130418979,0.228934257126375,-0.292871291095398,-0.33883720627322,-0.103589380917081,0.191041197448167,-0.219046259714012
"TCGA-IB-7889-01A",0.25535791111836,0.277543277194325,0.180436095514167,-0.315056137584898,0.196054923920439,-0.14273645817953,0.243860074117046,0.382388517857795,0.203733671529942,-0.319080058971269,0.235469745743268,-0.744955826194679,0.614228299951372,-0.217110661449311,-0.302460324577488,-0.172531513112393,0.28454737209102,-0.217245341727926,-0.279593666926169,0.209686827506061,0.229605059331837,-0.325940577532003,-0.305556051111263,-0.0793147908973112,0.32932028901945,-0.297800827843059
"TCGA-IB-A6UF-01A",0.208333093895621,0.323111067096254,0.18091454348912,-0.278500450426049,0.35988070741443,0.120083986684176,0.291403111346748,0.116189828071836,0.358758500446849,-0.295270374995907,0.126670920501933,-0.302451262941837,-0.289457952007347,-0.0728787067117981,3.41601390079825,-0.0467075724036657,0.337050866192511,0.0505189866406401,-0.538217214251289,0.187894350943624,0.238294627732281,2.78817358857257,-0.253047989824299,-0.15062514694403,0.276094413471836,-0.306062140596881
"TCGA-F2-A8YN-01A",0.172226692066063,0.284981571850944,0.104845062871008,-0.277333485604022,0.28057434587207,0.00841194535013982,0.273329128361207,0.113525068023735,0.308592832429086,-0.302948084867302,-3.43976580230315,-0.700186593030577,0.139207055654093,-0.208758583731162,-0.257655547895161,-0.0758410318828893,0.283256805199503,-0.310617868484404,-0.405957386528667,0.233301734760754,0.222975374120355,-0.123180024649219,-0.423382760462704,-0.123160373394977,0.239642979467432,-0.227936759599763
"TCGA-F2-A44H-01A",0.320397887472724,0.29066576134933,0.183359706637109,-0.532030204295111,0.170023358443894,-0.404949732179542,0.259540231486662,0.320778052660029,0.172311394295003,-0.0590481010962847,0.372557683550978,-0.29677191550307,0.466767097849555,-0.529455689157647,-0.364995435058414,-0.279165776247486,0.219533625212115,0.0756886533075407,-0.146755444036696,0.175522479368021,0.213763503614854,-0.435570799126564,-0.156425451962585,-0.0582390671861066,0.267082772041217,-0.278997664648278
"TCGA-YH-A8SY-01A",0.205898499515459,0.269002108379106,0.236461426024736,-0.356357276342156,0.176031209216686,0.00360921393946415,0.257023568137742,0.107915232586266,0.0893033367691979,-0.235039731116254,0.374624623690535,-0.468103867256685,-0.199630906603599,-0.0138717139277554,-0.342257582340208,-0.123457748088768,0.251190500671976,-0.97901354570386,-0.123337950433867,0.249534936997989,0.206198730276165,-0.257948496013258,-0.314576473307479,-0.0885761795026045,0.233625069559446,-0.118278743063467
"TCGA-3A-A9IC-01A",0.208497132576447,0.276389311819629,0.221853093662453,-0.315698636603458,0.218080421805627,-0.0734513494240199,0.269309265293442,0.292313735250332,0.132042410128183,-0.231647079358952,0.327355962174915,-0.348920001277633,0.339009680647821,2.83861904553243,-0.3551671776769,-0.116862839470648,0.228835266363992,-0.561291516634097,-0.137941603570497,0.23729150964143,0.213243524004319,-0.334581668009814,-0.215202247468946,-0.0951458427159163,0.20495234402842,-0.180124015533474
"TCGA-HZ-A4BK-01A",0.268246475225235,0.306624650708576,0.160308603242977,-0.356452582107674,0.221848332425518,-0.292400828029606,0.278056920744838,0.345004766044344,0.308280265490014,-0.21523909054265,0.206965819482387,-0.395449355361059,0.710492726944157,-0.155683131285585,-0.308809381244155,-0.227682673635799,0.265966656193633,-0.448807954492814,-0.369270883621493,0.197649144144945,0.227199264008067,-0.233896049659041,-0.31454079492221,-0.0908505870704253,0.195764480755893,-0.258209564076929
"TCGA-Z5-AAPL-01A",0.299136094147433,0.241511084846765,0.241703698083483,-0.447172945119275,0.124366433917095,-0.402033801266336,0.128436335456235,0.351804461459301,0.109654307224403,-0.152643875425869,0.333702689644775,0.32575471526728,0.646635250043041,-0.211542486699863,-0.277686163170461,-0.109412878017886,0.285306675274213,0.217603667478277,4.46109690967773,0.269222636837701,0.184778363296245,-0.34758685990923,-0.168490895563923,-0.0346578780568077,0.264417146710164,-0.174762489441436
"TCGA-H6-A45N-01A",0.318916924293385,0.240534607344971,0.190645400637255,-0.339544944564912,0.117847292022232,-0.563153261173197,0.246210378711935,0.357188047070439,0.12960907680654,-0.14233766434713,0.342305882918307,-0.307524802015903,0.454236437726464,-0.445140710123098,-0.364759411389953,-0.221399887307445,0.241795869158257,0.0603056960120052,-0.147844234786959,0.203144276102496,0.217663051660233,-0.652947212330368,-0.168418241034547,-0.0411159384409201,0.194208271109436,-0.237615616782981
"TCGA-HZ-A4BH-01A",0.27790449302997,0.293637119966849,0.21117736222183,-0.263934099043914,0.223126830363373,-0.286209495346888,0.246487882538015,0.221964652101788,0.212044734537725,-0.332981201645079,0.287930178449112,-0.178787726636847,0.444998345741884,-0.270191107809347,-0.295038179607166,-0.216498677015544,0.236862269852377,-0.228835956443708,-0.0954503563927748,0.253297786448683,0.216503887666661,-0.420785255762153,-0.273559467560403,-0.0994060182579747,0.197887841962434,-0.210652488086847
"TCGA-F2-A7TX-01A",0.233743370337534,0.226704595115402,0.114290931790343,-0.454703326681273,0.23823950299501,-0.335389616843297,0.210459534581694,0.181290319943456,0.189834360596479,-0.0824693134583268,0.342174937370317,0.0456251570242631,0.146225547868528,-0.224186799007308,-0.281045413499356,-0.172385890466694,0.172917497934796,-0.181468521364319,-0.196175292569815,0.169688544135186,0.202952540807861,-0.503962959289002,-0.2102379805019,-0.0787968952198949,0.26119907830345,-0.335107003922336
"TCGA-Q3-A5QY-01A",0.319972854150181,0.241675767503686,0.301040130812628,-0.361040157676977,0.134777957566197,-0.277118796308522,0.156814293978742,0.35455100756014,0.150740019293838,-0.106113101444099,0.329207719815423,-0.354305257108187,0.668771101229792,-0.450873674081777,-0.321942329715369,-0.233687163116644,0.291321495884015,-0.0568471413919235,4.49390287112666,0.279777679587501,0.20713819426215,-0.474423564334821,-0.0555205036028784,-0.0488002080763069,0.32617688291945,-0.127989719652583
"TCGA-F2-A44G-01A",0.204671015320954,0.299091862733097,0.25437030792876,-0.293332304272839,0.274504884839226,-0.181108794609653,0.277197844099152,0.201977317016757,0.228078776592635,-0.431334480700535,0.266875944464916,-0.679242690181641,0.374996205606141,-0.245441367432872,-0.290387604017834,-0.0563167711044671,0.312439630013843,-0.641810577110485,-0.224568996087476,0.271794352055002,0.219256412483825,-0.0673652774508411,-0.37675493431301,-0.0959653503064445,0.245327653712385,-0.24683663024467
"TCGA-HZ-8005-01A",0.19274169423828,0.260336517543192,0.231130895214271,-0.140389856220853,0.270649551281313,0.229169341635228,0.248870503933225,0.284668787708618,0.192652865538111,-0.3722861274249,0.271834501604267,-0.323130589074322,-0.0826098954603354,-0.163461516882509,-0.301553761863795,0.0512033430231438,0.302320757583879,-0.163863659431949,-0.205562723776125,0.269822066451284,0.217774989915539,2.47614195753,-0.146336015898171,-0.109354166045792,0.273908638696457,-0.246632488919645
"TCGA-LB-A7SX-01A",0.125450539421957,0.199184989224026,0.0895668953493385,-0.410715025866314,0.248747233896574,-0.203478151897605,0.185638068842267,0.0292827294314343,0.166567161930598,-0.0360593908861153,0.256146353778952,0.824525684169845,-0.647277362848607,3.70190816651637,-0.299940696972659,-0.0303828880588399,0.110427930862235,-0.460078612389053,-0.147011274776738,0.154844644649022,0.191445477550352,-0.370526982995101,-0.323433637441946,-0.0830783589265911,-4.24348075456353,-0.0677854045805352
"TCGA-HV-A5A6-01A",0.161443727947947,0.282061952688648,0.179467437726538,-0.187674514423902,0.22459385089463,0.0337649167326251,0.232240420035711,-0.0536699881411334,0.174794964792898,-0.0667386186007265,0.283205672646622,-0.2097158919603,-0.0182888587845237,3.52452083619444,-0.284708187068281,-0.0496388937621716,0.242014826178551,-0.700961679548316,-0.183433424568637,0.214289907085909,0.215293947762802,0.0442698990570243,-0.363370728146589,-0.0941584687240101,0.148974502046435,-0.15321895920215
"TCGA-IB-AAUS-01A",0.343925481897439,0.263737937943211,0.275943636843255,-0.602004652289848,0.1700597463159,-0.36978548155189,0.239111218994648,0.449659953465673,0.108761759062883,-0.178974095602247,0.445402511482513,-0.328676934969746,0.410210305378817,-0.419185901306627,-0.383184516130314,-0.429072253623682,0.274997011413857,-0.314602346639481,0.057553470902788,0.276161904050512,0.221324150289455,-0.452193465048486,-0.109281297485276,-0.0406224967324846,0.248007487579375,-0.192478980993264
"TCGA-HZ-A77P-01A",0.264460507924555,0.230027797985098,0.118467973079506,-0.0591520769633415,0.110264387657441,-0.424614436492345,0.245971082873403,0.227151283341684,0.181003322879096,-0.00729690896328593,0.322399488282845,-0.0434399897872677,0.386430402940061,-0.441269539275416,-0.327607037653916,-0.302150071557837,0.188974179744341,0.143284859398011,-0.100346057272803,0.200928997081749,0.216759481677575,-0.270346262232052,-0.2699992658451,-0.0756696089939067,0.208557222577795,-0.260314557586383
"TCGA-US-A77E-01A",0.133020271158368,0.199007670890588,0.204133170628023,-0.126075370833628,0.253767809766523,4.02044891052211,0.257668757804866,0.009986169016622,0.299999165369496,-0.236993221703133,0.219435380161702,-0.35825369928088,0.204303267668583,-0.128018061269484,-0.280143027665147,-0.104113689976594,0.26106302898785,-0.426009182013467,-0.319045466291182,0.21197327614686,0.238594877431866,0.00134164745809115,-0.376573487662015,-0.113128183722164,0.172081691056426,-0.214998486171859
"TCGA-IB-7890-01A",0.219785240540154,0.275873612662032,0.207379707652436,-0.0152375994899632,0.18857868194318,0.151385302660112,0.263979226109986,0.162496881807439,0.187455082077776,-0.345299123450331,0.249809643837884,-0.17483946400726,-0.144544892785441,-0.248474188628824,-0.290234118685592,-0.202348918568362,0.271128275012944,-0.328206442503411,-0.307580957805955,0.246658129381458,0.227128472780179,-0.348547216716537,-0.138002337730445,-0.116483048903511,0.213854146776936,-0.2079910874848
"TCGA-LB-A9Q5-01A",0.304182189908262,0.27063052495712,0.165437414039607,-0.472043752679372,0.171237874957093,-0.449603688109724,0.259705523646727,0.286794866237883,0.171409337950462,-0.183410302731018,0.336740981207915,-0.692189792946502,0.40158708541262,-0.273169494340915,-0.368664653812189,-0.377082307650652,0.226308677212006,-0.0768446848387981,-0.239909131959612,0.158637317559546,0.222016991273411,-0.449872432700976,-0.201864191603337,-0.0536561311608208,0.311485676717393,-0.315106372600265
"TCGA-IB-7644-01A",0.132298947516354,-3.76167361588038,0.124165561165915,-0.184588316167117,0.179505655700842,-0.198323451179894,0.248212126379974,0.125267780890786,0.264508534079773,-0.0699985176710825,0.200700438333388,0.219878125499059,-0.439427415284518,-0.268050383144883,-0.298567183114715,-0.00615849994257479,0.245751288106406,-0.831804969658182,-0.164355564305327,0.220072329069945,0.226223108595744,0.108393033121782,-0.391244900888248,-0.0988437155688345,0.24987807483202,-0.178570599730949
"TCGA-2J-AABT-01A",0.271308666826084,0.210803189607333,0.202903034296749,-0.391617389225291,0.0355624175748875,-0.501235044807943,0.242775667036051,0.310434314895436,0.105518572556971,-0.016321533140258,0.397882066108918,-0.102276648765897,0.322314656864975,-0.351256832784403,-0.343086842805841,-0.141525960837563,0.21205306610613,-0.29467225050484,0.00678200784685776,0.239273115076345,0.217851841558318,-0.162737951850675,-0.16616859605537,-0.0575209351318181,0.186498475535197,-0.175555616256151
"TCGA-2J-AAB1-01A",0.143332838884339,0.317393528188026,0.0890482452731439,-0.0251637403238536,0.295843255239819,-0.0147545323749091,0.245785595205178,0.196781276144468,0.371495020103943,-0.337999540373816,0.129510316772039,0.203602612730076,-0.242095771392402,-0.133439907347778,-0.23286990506582,-0.0998647712515747,0.213470917111048,-0.57001905709043,-0.403678114651381,0.194643922212571,0.233546611634372,0.076904093841335,-0.398637414398783,-0.131062031585601,0.250838045915551,-0.233608653545307
"TCGA-HZ-7920-01A",0.278501908010543,0.203157578105072,0.219398037379931,2.40245728268211,0.0806575061543818,-0.521862309573251,0.205114363719371,0.302605401066174,0.0652512270789954,-0.231038504907417,0.355205031115872,1.78440991171059,0.245696071171026,-0.493222098591964,-0.346524954218203,-0.557247793224261,0.14860792899737,0.496132627948015,0.111711979354766,0.229993294363123,0.2114627787407,-0.770714567164389,0.123422849457786,-0.011833262321904,0.235390527644715,-0.138574485770696
"TCGA-3A-A9IL-01A",-4.23017502547783,0.0740350857450578,-0.00676041109334012,4.45158766121036,-4.49452950980695,-0.0931891872563066,-4.00977965697869,-4.00557684796028,-4.22013970931379,4.19278832404918,0.282267104956566,2.90647552697018,-3.3456219589018,-0.384261204755786,-0.314321193410004,-0.270069678824174,-3.81495789107885,4.08885436928076,0.126452897554948,0.0783618536232562,-4.58069781981755,-0.802528427164642,3.73670241704784,0.0169559840539213,0.130103196566375,4.25737417464381
"TCGA-2J-AABI-01A",0.184163349386757,0.295763304410923,0.131874565404546,-0.433802565961913,0.299999496589439,4.64894285018452,0.242563404868855,0.229005050697916,0.197175198202501,-0.144470970313038,0.191652636232263,0.162525813218236,0.266539031458136,-0.0758190457952873,-0.25004071687916,0.121407299827629,0.323713251706908,0.128348593640808,-0.368264356219533,0.257494670904346,0.205092943785457,0.0256553430758639,3.61153257890101,-0.083134595576969,-4.26846348031617,-0.251182748066516
"TCGA-IB-7647-01A",0.260848307794249,0.24191759061669,0.174859355563661,-0.176848383532773,0.153444335610234,-0.0294018641350762,0.223317813269557,0.40503408406167,0.203647431044042,-0.379850458086196,0.253645500143537,0.05157675165997,0.511341775581714,-0.229750916824252,-0.258892203998522,-0.171355766496916,0.271629386968222,0.443104136194442,-0.139464248010119,0.274713632185684,0.202984088855772,-0.349593725532432,-0.268302246509946,-0.073550997886811,0.192143633851915,-0.203214725281813
"TCGA-IB-A5SS-01A",0.232408025502255,0.3188268347618,0.261728081908089,-0.207489750348877,0.202381311143304,0.00840718753023401,0.287099424634456,0.1793955449308,0.169464780457134,-0.272963087697997,0.291070399613663,-0.675622801918964,0.0875860352994687,-0.130082820620402,-0.338463906567353,0.0314519472009842,0.29662589887382,-0.269508690310232,-0.302080686604266,0.288021733135639,0.224609194194018,-0.0273206674291056,-0.195024034202296,-0.107654203896337,0.240485422661165,-0.259063138037009
"TCGA-S4-A8RO-01A",0.167581428016485,0.349601638252021,0.0511642153766835,0.0680679061839187,0.31680953288601,0.166646798321283,0.252048824362634,0.248856364762147,0.334116567433438,-0.513576335696171,0.0954865028903387,-0.160250828544823,-0.113792629731521,0.0130471516342913,-0.191135634431107,0.0278371045029234,0.29284779738499,-0.191903182669346,-0.447893293807274,0.234316111168887,0.192936289774604,2.70509702262199,-0.39098186513742,-0.113517198756945,0.273143147573499,-0.256164648524266
"TCGA-IB-A5ST-01A",0.312233790876438,0.236963238591739,0.268152873342501,-0.155986179732252,0.133792393503638,-0.392608647845036,0.198169411559449,0.367016069198647,0.112054403271401,0.106874276505398,0.375411034587559,-0.251176195547319,0.331573073467298,-0.266463046003337,-0.363020550480094,-0.204037399638591,0.2782529116875,0.00250132260919784,0.148414081697309,0.277300627939055,0.207656030798339,-0.496095136107974,-0.217000012820927,-0.0316639085879494,0.269962795280475,-0.183779830547369
"TCGA-HZ-7918-01A",0.298361184071188,0.265413626112929,0.233287528591158,-0.342239712343677,0.106015880991452,-0.452973208497842,0.203526703713935,0.420326431231507,0.166049120953577,0.0108427865063675,0.342994470902339,0.155248053351271,0.883426117570113,-0.369199279648501,-0.353727453284358,-0.256263238548199,0.231737080658559,0.0693170189686679,-0.0748611650183687,0.19019170428531,0.208090048208183,-0.585806597162185,-0.0563646338335174,-0.032492584547276,0.19720390243631,-0.260227518885655
"TCGA-XD-AAUI-01A",0.275304285070059,0.261192552215238,0.165137722014692,-0.288370433526313,0.132435637128931,-0.253109847181804,0.215942704760382,0.209348498082123,0.151922466862185,0.0548294899498078,0.40206491765067,0.332021218536921,0.36918747172049,2.76055738438164,-0.3183755144567,-0.204186790191749,0.201712591765255,-0.233628430731832,-0.108233520534995,0.209300607720613,0.208540811501278,-0.603727195312899,-0.186242150063161,-0.0502540630888904,0.252225632937067,-0.24521358747279
"TCGA-IB-AAUO-01A",0.236590279236282,0.269107861112952,0.203128277986031,-0.514552057927135,0.244247493836597,-0.163215230667115,0.278552737416028,0.228220771792925,0.297094519618901,-0.37136742778018,0.224321541966117,-0.620723806541877,0.652784408815971,-0.336493346397442,-0.263098511497263,0.011401096435089,0.334037706993286,-0.281685460576504,-0.353243296082591,0.227444863772214,0.217782984081234,-0.209654863181038,-0.220708139078177,-0.116255425078484,0.261686088121426,-0.311377797503175
"TCGA-PZ-A5RE-01A",0.200602104470786,0.28667013504701,0.206944139920193,-0.290129538123369,0.24153122973585,0.0805824164251064,0.278294611708339,0.297094217251368,0.234364932528168,-0.364584297923812,0.277156690054893,-0.573912529883001,-0.166197209454242,-0.152393417547876,-0.271361648168898,-0.125808962215466,0.279527509428115,-0.420808812122635,-0.292726228517571,0.25383674182069,0.237532779754427,-0.30495377017361,-0.382730534759311,-0.0981514962462839,0.219961247494604,-0.213200467972264
"TCGA-2J-AABA-01A",0.196524441967111,0.195956179944094,0.183217065624651,-0.232945101931118,0.184930009887645,-0.270986048274854,0.243253660623041,0.110316877782145,0.1742697670118,-0.278700049804648,0.303252551909729,0.0882267862145457,0.572075840186937,-0.354348374838787,-0.261303002908466,-0.00871579538183992,0.221905064082377,-0.387979097297334,-0.199465148699026,0.223356019584301,0.214514247477266,-0.271635861364797,-0.279474582462119,-0.0786762656106268,0.225710615073486,-0.192070977729161
"TCGA-HV-A5A4-01A",0.176492365604419,0.288910050552643,0.127365774337353,-0.13563217366603,0.249748875855837,-0.172491143412007,0.278002444707282,0.316938543866121,0.30375800259948,-0.326563784801465,0.130414655413469,-0.867783399821852,0.0777762125155312,0.0107835647126809,-0.232547425987557,0.0579052442642961,0.335419807061624,-0.0118509015374095,-0.461402833447004,0.220977180017977,0.220465824094939,-0.199810495642254,-0.355173394518877,-0.125238018495322,0.161845035852565,-0.23792033704912
"TCGA-3A-A9IZ-01A",0.17265627066651,0.258304008639387,0.166318342707973,-0.444233697766712,0.252034318357345,-0.250283963598359,0.239418278438543,-0.0442715944775293,0.23493398816155,-0.256108781037841,0.259734044498224,-0.341531164075535,-0.24043167462481,-0.286214805021101,-0.289234935168216,-0.0594086741000063,0.208186735058571,-0.549308825727178,-0.205508330089987,0.193787962999321,0.204027287607828,-0.0909506702777717,-0.359366702891643,-0.0821894908063893,0.222539881789308,-0.264194869187196
"TCGA-XD-AAUL-01A",0.250986250869595,0.245251155339504,0.232287672454019,-0.559477547055288,0.212331828367804,-0.0806975500530321,0.273851121441293,0.122616610983368,0.204284536122321,-0.118647456792928,0.349282129839247,0.14859634034694,0.486805257100884,-0.295940747481516,-0.355487088673757,-0.0960267338637942,0.269396380674835,-0.884947058144123,-0.173230885485488,0.207624294039607,0.229736803581203,-0.28862133208183,-0.327298902328889,-0.0917029572056903,0.194477213397328,-0.232037736208783
"TCGA-IB-7886-01A",0.13938729843902,0.305423343931808,0.178223291117873,-0.154637714295379,0.262296868837856,-0.150452129303547,0.258317386489915,0.198371613665021,0.265194092117131,-0.327615955038604,0.126737105965787,-0.577072588301063,-0.0018270588439681,-0.228458200699961,-0.227143323352714,-0.0130745376444901,0.258784839978132,-0.550888195108515,-0.300553287576356,0.243630838886228,0.235255020663017,2.70302295202971,-0.398144855023414,-0.12966481007068,0.288097906618783,-0.201787542037228
"TCGA-S4-A8RM-01A",0.168636171715231,0.340985682587396,0.128354628109723,0.0078974609116052,0.273991262572206,-0.16774050813357,0.280751147068504,0.30766602895535,0.38897977026777,-0.511800646364633,-3.56816330961147,-0.0444039806643817,-0.180901377619943,-0.126740107594919,-0.156160194324037,0.0297957275923752,0.367997234205902,-0.202923531023072,-0.42098541408115,0.235112144365926,0.214421178243981,2.92414710765544,-0.454744929614502,-0.124723303578804,0.200806871182473,-0.255025961204723
"TCGA-HZ-A49H-01A",0.306401591295756,0.234514949112042,0.155230986919292,-0.420938271284765,0.113597884913988,-0.576034200404356,0.225665237063923,0.442105364311291,0.150429415990425,0.0367268952367155,0.360909281137211,0.0330131993963459,0.367013764319197,-0.357548437345681,-0.348501157811097,-0.361817796835993,0.217188126231348,-0.129070204393433,-0.013144041362993,0.183628459866167,0.217659343643227,-0.634529919639658,-0.120525129966632,-0.0317093446107228,0.270245716128002,-0.250007511078193
"TCGA-HZ-8636-01A",0.219666235994345,0.277969798593902,0.198879876218377,-0.0706164365048736,0.167971130486365,-0.0656164234642338,0.247589574422144,0.284974999474627,0.127361750617048,-0.154230805472702,0.216151434870145,-0.484322215495528,0.536592845422482,-0.315281211292935,-0.304335403719713,-0.154979613333636,0.269318481160595,-0.138280401376724,-0.192705898402357,0.26076667923457,0.224367983700682,-0.425538561787351,-0.328786862698093,-0.0726794195452893,0.174893721301756,-0.232272729724872
"TCGA-IB-AAUU-01A",0.218947942537599,0.309843467133047,0.138528857574009,-0.171745961453353,0.250596992410667,-0.168118668999699,0.279910930196478,0.12393960230747,0.345506631090032,-0.287082294159061,0.197912435474672,-0.499427825383487,0.291249649876927,-0.215673520521454,-0.264871037256362,-0.0735048594820018,0.295793307268711,-0.426860479673841,-0.430904302600543,0.208217912464326,0.225886237244335,-0.183376479810668,-0.355790728415086,-0.111345033208506,0.185447123867622,-0.258064203559653
"TCGA-IB-7885-01A",0.275987173204188,0.231225185408376,0.260340944529685,-0.270363485196728,0.160771084163378,-0.0392870642151422,0.253102240409638,0.404793530397963,0.132114217393604,-0.085691741851385,0.350776047396568,-0.762125872592621,0.417927111188451,-0.295582920053922,-0.330310717754485,-0.131418818213989,0.285150217518258,-0.331227680974203,-0.0349908153589631,0.276377595844388,0.217137998445784,-0.335906020054524,-0.183280654413369,-0.0743593399097695,0.221952982264077,-0.205274288640583
"TCGA-2J-AABO-01A",0.199555175460365,0.266626930299996,0.117557690781464,-0.0570778811983866,0.254873842997853,2.4778827702136,0.247563168745385,0.0811043091955524,0.249894409927939,-0.384539946254008,0.201208351962326,-0.205998691333978,0.492893362277112,-0.048697201035059,-0.27504955296247,-0.156511825924392,0.246124616912317,0.0662997129224911,-0.290213682783462,0.214007192249285,0.229724234200977,-0.194349836809891,-0.271130102947762,-0.111300741860815,0.252351989917106,-0.31782881903185
"TCGA-HZ-A8P1-01A",0.185800686074316,0.332249114553558,0.0677320379258728,0.0923550568898581,0.339638685488471,-0.301091303408612,0.281121215301675,0.179167610541044,0.377342059261178,-0.452300251943184,-3.74943403161798,-0.278356248906306,-0.56994264089319,-0.0609016192539781,3.35020826370359,0.103798396991736,0.347119795103032,-0.0329902895134136,-0.431918475220987,0.236629831529637,0.203685163232327,2.93281162683786,-0.521082238504285,-0.108747229005278,0.223821619717631,-0.275636781414289
"TCGA-2J-AABV-01A",0.270632855769391,0.248302257342523,0.105203707984678,-0.35669189816442,0.284114004385297,-0.417893437113737,0.229984523958974,0.15943839243781,0.268343703908118,-0.0281319565990401,0.352718829985256,-0.159395515109988,0.174095831959735,-0.352334352063903,-0.358360392050031,-0.409381448345152,0.163413597506036,-0.411192763001899,-0.216756818790356,0.144868687367914,0.217284156116092,-0.435443101682342,-0.146495660200696,-0.0502395552296173,0.457819668302975,-0.30937843183803
"TCGA-US-A77G-01A",0.156902646452418,-3.79559646802825,0.0618783701529447,-0.148080755379559,0.282785661966184,-0.0166419279990133,0.253302142048641,0.123909155567911,0.38992518607991,-0.297975303223337,0.10059157510999,-0.17327425707912,-0.000901062082680361,-0.253532944231952,-0.228802813559839,-0.0967963339463798,0.271698663140976,-0.473883904852325,-0.348850096375233,0.167453419356242,0.22545464200689,2.80323848572702,-0.401050996267409,-0.1261963548324,0.202801165688187,-0.313394175776912
"TCGA-US-A774-01A",0.280444755153672,0.222905664509955,0.222510877185226,-0.429107144657108,0.160150379302441,-0.303793032639565,0.238941949535592,0.406931380935551,0.132126776687667,-0.0911164051066148,0.350318550345366,-0.701195365948264,0.463573381714063,-0.397173045346956,-0.404320925275183,-0.255560792943269,0.244326121234231,-0.307196888335709,-0.102334521784675,0.199056827397329,0.21759113407234,-0.507860807480659,-0.148278311653601,-0.0499168326363317,0.22897689851207,-0.293095279999703
"TCGA-HZ-7919-01A",0.18619741108711,0.284946866125389,0.182409965721875,-0.319716092106552,0.210306333540327,0.015019177152137,0.255083034988758,0.289506943579384,0.210831337280438,-0.366802825251845,0.197250112354685,-0.267461802628727,-0.510061372926707,-0.239945639330695,-0.283894065292645,-0.0896243413936271,0.276955178639516,-0.298834510137783,-0.313073603724541,0.240449925676122,0.218460873383715,-0.3030401091793,-0.3339182310896,-0.0979530825750304,0.173237821927437,-0.26669603197026
"TCGA-IB-7651-01A",0.178617213250264,0.259733286157665,0.165591057416834,-0.0780971526086431,0.17161668100875,0.0318431217113706,0.226004613308139,0.343713912003926,0.144315551640512,-0.196933867009961,0.244010491436823,0.585487318811028,0.376963457155205,-0.10300909586426,-0.294675570509744,-0.0891290808589183,0.22269996849136,-0.41762006930903,-0.167842661090813,0.227005306642664,0.215538158560219,-0.358175293895624,-0.112122960080571,-0.0829964269130884,0.181351075928878,-0.251417611867701
"TCGA-HZ-8315-01A",0.287791309757939,0.267075741152623,0.241125469352652,-0.452800361315683,0.161547835667062,-0.327292960895446,0.261487852003021,0.36234853268982,0.120642572151146,-0.178482589597267,0.263010673505071,-0.569562898639152,0.341498514319506,-0.441318860410625,-0.324263035932898,-0.146089534723473,0.233721247658029,-0.555893528700163,-0.185743606253641,0.235669320755504,0.225355891134645,-0.381541915441107,-0.230014477511801,-0.0631270750744477,0.15543437641392,-0.264457871144525
"TCGA-2L-AAQL-01A",0.241351996096706,0.292150946999062,0.120544398117988,-0.269008311174958,0.317635548585942,-0.162491219800743,0.29218846342267,0.28609064895088,0.365048872716817,-0.321289343266344,0.181529589471147,-0.529957584553933,0.296280306758267,-0.178819817356238,-0.289626012996859,-0.252854129578226,0.325947635339561,0.217862768905482,-0.46402273120598,0.209051404405363,0.240742995477103,-0.324981841326808,-0.241706006843792,-0.124477547422445,0.305347629188518,-0.252863434146215
"TCGA-IB-7893-01A",0.299711799445388,0.316907897353,0.27102383100498,-0.396607061224827,0.185146216077923,0.00590982901640976,0.274340488707854,0.23303951032905,0.143536396959302,-0.113778337707911,0.34567196197826,-0.0523029237707223,0.394571593546366,-0.418277646820374,-0.379261117272617,-0.19343908336406,0.240097829420059,-0.239941203303012,-0.161345620855998,0.270575158650679,0.204179984146833,-0.267159078077803,-0.0788144621381858,-0.0728802611641256,0.252801823565755,-0.241248302631647
"TCGA-FB-A7DR-01A",0.276595163930059,0.199388845470022,0.168802109066773,-0.436309553172659,0.153081757528991,-0.258165729337167,0.261817399633691,0.219021869313533,0.183557833453061,-0.0852216134760289,0.278998549778894,-0.286829985303186,-0.0231299763946906,-0.277922026299184,-0.295882448859844,-0.344554231689962,0.251369954005227,-0.651313089307594,-0.0881105030858461,0.241587054727241,0.215229815017063,-0.282529948912551,-0.206415671432476,-0.0947472744302965,0.172133455722538,-0.241754260604571
"TCGA-FB-AAPS-01A",0.30666086152283,0.22169534222287,0.254557128282403,-0.154844095486602,0.116512160268519,-0.0409535764535352,0.213909846440336,0.274621044683336,0.057462022674921,-0.0534277338179945,0.484452214251808,-0.0608226491368342,0.467253164222781,-0.366514906092707,-0.382195225222243,-0.354290105844666,0.242624179034781,-0.301135172916284,-0.0379852560595197,0.234934389767276,0.214048921246415,-0.457527806949538,0.0419899648485143,-0.0431791654213271,0.21213125430566,-0.234045922487415
"TCGA-IB-AAUP-01A",0.286589233268205,0.250769605052546,0.249839152381681,-0.125062464227905,0.127006240465501,-0.262188302417685,0.166536736568772,0.290502361079024,0.120041675717005,-0.0540994570296487,0.261582303479423,0.035893728149581,0.849914919732697,-0.258364182674379,-0.302642698327407,-0.0728749660316838,0.266676934083559,0.274342065432465,4.10950826313076,0.262345837413246,0.19341024810956,-0.517176628645337,-0.135048838271644,-0.0475470321546518,0.266595962202635,-0.17273063518182
"TCGA-3A-A9IS-01A",-4.40982703493329,0.0927977290023772,0.00415221075417716,4.98095581542354,-4.6581308630714,-0.193396792530781,-4.02121474046325,-4.63595692899683,-4.39524706872684,4.6875481358738,0.1769252441757,2.97455887137794,-4.34505039784703,-0.156956300371447,-0.273301588853543,-0.294924919612277,-3.81440865209505,4.40566285678242,0.0776010977261164,-4.59073514423469,-4.59300046204632,-0.585305380942222,3.82131190083421,0.0240506652565935,0.0357659571786202,4.29672299127589
"TCGA-3A-A9I7-01A",0.264970954594366,0.0577263118103803,0.132590258740069,-0.0611151893280478,0.153116374531229,-0.164755495032428,0.244020142957134,0.247302649052412,0.184773224249089,-0.0364074613718831,0.307616635997233,-0.597509980097731,0.525705867737832,-0.299477276221026,-0.354082188264474,5.14477690352097,0.255952301856318,-0.216777218724642,-0.0807013543957345,0.2128407879637,0.216679121373543,-0.369802653880623,-0.168792354959099,-0.0771213621118271,0.197304002121929,-0.207064114845074
"TCGA-2J-AABP-01A",0.25903388468732,0.167124917030759,0.215344500383395,-0.413353104607478,0.214297934026124,-0.0959366137109564,0.13528074867475,0.220996935204289,0.0238635686481272,-0.0230854340979642,0.383743156522308,1.4508193188293,-0.664875252203457,-0.444323123592759,-0.314561214092325,-0.283726818259072,0.094672880363343,-0.144396662366482,0.165411585311583,0.219445767284685,0.141652421028383,-0.463180387087612,3.7142380119166,-0.00663345481250938,0.214012710438363,-0.137387843848872
"TCGA-HV-A7OL-01A",0.211643272270503,0.352572069388944,0.17922250769884,-0.222776252868951,0.341754614733067,0.0980670014415384,0.248418297996584,0.34852390875233,0.373873112467096,-0.327306787052715,0.236365761363265,-0.791306415191876,0.631834063974204,-0.117333187554141,-0.286528527105686,-0.0156652541238798,0.342741622826932,-0.382212986572393,3.79080103344853,0.259212041681289,0.218391427807159,-0.376261413543564,-0.470598431434716,-0.134961983463085,0.315777714461133,-0.238728031845385
"TCGA-F2-6879-01A",0.181310459859189,0.354315752856602,0.139825377837311,-0.0633643027220163,0.270538996982259,-0.0447735550164697,0.291590154049165,0.209795256264171,0.354972162349943,-0.483261550700463,0.146172307943521,-0.393877435515666,-0.336150357222581,-0.188737781309916,-0.220851413991717,0.0967923119833065,0.290951241139652,-0.576006809035463,-0.44734701453867,0.261089653748418,0.220029553965087,2.86906794375288,-0.424440673501462,-0.145496693473796,0.216764606879947,-0.239154524472373
"TCGA-HV-A7OP-01A",0.159563627568858,0.333825691947251,-0.0253646984119469,-0.247096647453982,0.503766057108318,7.04941606514405,-4.00810959012925,0.227278572542593,0.321900132130573,-0.176571355724168,0.119311930220261,-0.0733309345852939,-0.383577339377471,4.27346805572207,-0.185707649638448,-0.0784023566904939,0.379258449864861,-0.419200505279552,-0.231132102173807,0.221079728064347,0.216113569037874,2.92207543795518,-0.277072580595428,-0.128376322717527,-4.27122689557084,-0.248272813707994
"TCGA-HZ-7922-01A",0.200192072558867,0.25899875144379,0.173446945723402,-0.277487115188601,0.157922515080667,-0.162952223411961,0.231011803469752,0.176980708307475,0.115662708391115,-0.19290643725138,0.337022668136908,-0.331035123950964,0.0187045441483332,-0.269496624759168,-0.319132818680309,-0.0759208806202001,0.190782167086494,-0.74049166776737,-0.11369665212251,0.229338394310383,0.221866298259723,-0.281041065738573,-0.268345771344801,-0.0734136717755824,0.20875063264861,-0.228959541663355
"TCGA-FB-AAPU-01A",0.140577184413674,0.306800483078477,0.150115456906294,-0.0379910899368092,0.263670563531866,-0.296859188674986,0.257261199292236,0.196996501549796,0.329679488453271,-0.487160804419485,0.125361983341933,0.00489613400563026,-0.200280726199131,-0.142108037053412,-0.216567164722697,4.75278115578168,0.287777771626817,-0.228190231388776,-0.407777566524677,0.23626382630854,0.199784159889951,-0.0765941863244584,-0.486114855371045,-0.0924217593136855,-4.27309770280082,-0.0842970302643035
"TCGA-3A-A9IX-01A",0.304966808538625,0.235952374497498,0.196319892751407,-0.457776127704624,0.120513591582754,-0.415257706668138,0.217581332008274,0.235724385459957,0.129275358421435,0.0149494042298311,0.392335415239538,0.240485534642831,0.478774989665862,-0.432144291958716,-0.384668037802232,-0.497709353024804,0.194363678347011,0.126341980529568,0.0193580121851237,0.170455621065244,0.224547373975014,-0.619139751635314,-0.0733047471317646,-0.0358605666281927,0.261458571564981,-0.279433666375552
"TCGA-HZ-8317-01A",0.302677523503366,0.154240167095805,0.202851859809933,-0.544095150647097,0.0747634212580198,-0.415768783140697,0.260247861757491,0.293594910526923,0.142678457627081,-0.0755112340266891,0.295374418399181,-0.504470443144791,0.349920023170132,-0.492394045773838,-0.362476946602535,-0.344716181934651,0.22814208544625,-0.416371531969684,-0.110303550656848,0.178148259573998,0.199324923977354,-0.0573293667468406,-0.230101646974636,-0.0453301584691617,0.219334062120471,-0.314197230770834
"TCGA-3A-A9J0-01A",0.165399634816556,0.290222555271921,0.184195526609227,-0.120476344012829,0.305767069349009,-0.0169051158677166,0.251751743054804,0.10271603689549,0.305392305658675,-0.237709262615529,0.212266388012667,-0.724769535406869,-0.464137136589234,-0.172460969387903,-0.260634752153668,-0.0765316903169969,0.262786779058999,-0.480425266425491,-0.363259987579514,0.23770341627714,0.21330085871888,0.0174506507357526,-0.377130755289571,-0.116247612770759,-4.25430523919681,-0.205940843642994
"TCGA-3E-AAAZ-01A",0.21952546195963,0.287540301332019,0.0916832606707534,-0.189460772342291,0.189017947689786,-0.120058006247546,0.279239544184121,0.113350366835032,0.305680033105044,-0.215916025548616,0.16828862923646,-0.677215688409333,-0.199935207697499,-0.287558646469258,-0.266992382415065,-0.131517401824501,0.292573078085894,-0.288016235578243,-0.323070250196207,0.241765347583522,0.212813583419624,2.62950553764986,-0.359437161213756,-0.113421691176157,0.298236161961873,-0.294420477395367
"TCGA-H6-8124-01A",0.165770244416834,0.271696190189845,0.199347421759213,-0.380083457770794,0.228525992176872,-0.0114473296484803,0.273848031309245,0.0525286660661731,0.156951437462002,-0.225660635129718,0.258998379112718,-0.161156394100205,0.139818558510731,-0.194361417416742,-0.323331102173725,0.00105815038765914,0.235886874115333,-0.737196644823851,-0.36355895848331,0.234695812056364,0.223010460732882,-0.180311320993247,-0.341131424277082,-0.0860763207987847,0.241013558241497,-0.238609412554516
"TCGA-2L-AAQI-01A",0.248494681032205,0.278401176800474,0.165654253561068,-0.146044525420391,0.215885923971849,-0.0487512401417352,0.282151196185953,0.21529730954585,0.324166237454997,-0.330655387332554,0.198278468999319,-0.470063999196492,0.365973550582465,-0.33354761468377,-0.298575396978199,-0.183820163860734,0.239565397967575,-0.10747263661707,-0.449272084540035,0.170086545782105,0.223434251192596,-0.374649354605332,-0.31754936926952,-0.0880771490277618,0.243272185510075,-0.290422384661528
"TCGA-HZ-A8P0-01A",0.208402010675061,0.233990932547803,0.138267988607341,-0.170812431462086,0.167271076652957,-0.292398532940305,0.23273225940791,-0.0213030496192464,0.243896709080415,-0.235992840369104,0.291202272156854,0.195338403138315,-0.730678768889753,-0.39155911796804,3.13927055370847,-0.148443739252917,0.215174196726886,-0.575573135866074,-0.110162109131047,0.161622544217715,0.214503312814215,-0.271936793171854,-0.324394318395499,-0.0954204032048304,0.202468529963336,-0.139165327181324
"TCGA-3A-A9I5-01A",0.227386978608468,0.274391997313951,0.14087206147791,-0.357093047617587,0.309189350211873,-0.260793357119671,0.245310033851155,0.188911205141318,0.299732290338349,-0.0824459815304724,0.209836404655565,0.207515824555455,0.021972258239822,-0.372834520433681,3.41693541234378,-0.166913024817944,0.27696413134474,0.61174940048837,-0.31696190004586,0.192288307466236,0.207836557400463,-0.57903931287118,-0.15556247228397,-0.0801568449973846,0.298384786647423,-0.18135162740889
"TCGA-YB-A89D-01A",0.268946139023205,0.264760799447752,0.13161786354606,-0.144434185936252,0.233506648440194,0.00241777041781241,0.264298606209401,0.31908007253332,0.256584745875349,-0.340613932744444,0.284964511477786,-0.958135076726451,0.0813584587885367,-0.256505868358084,-0.321788074957959,-0.309029911730358,0.271159654394465,-0.193540745954119,-0.250928742554594,0.232518948682069,0.237637232201208,-0.499613883449946,-0.29613500077917,-0.0990152822221549,0.23192575465871,-0.179168495636751
"TCGA-2J-AABH-01A",0.213191587298073,0.338532765677625,0.143106001207072,-0.26023703080256,0.275745994413681,-0.137595208680847,0.295512578275738,0.2158531756052,0.393913340071177,-0.269340815869517,0.106088646687622,-0.284721680427549,0.343657897799417,-0.220247178637499,-0.292458227070647,-0.0835248916735978,0.290992062281643,-0.192267278338567,-0.503419209889655,0.191203947598387,0.23428091861495,-0.289425490855915,-0.318848156331267,-0.121195814814183,0.242192786732505,-0.326900650375622
"TCGA-IB-7646-01A",0.207517066996237,0.298357677071059,0.257614536555114,-0.130571986763736,0.288179251042618,0.084260412781011,0.269900377649725,0.340132390610013,0.22735859078736,-0.301744037739105,0.213807801614455,0.0349284026687097,0.147497157228747,-0.143960350698042,3.23377245203834,-0.103521640073021,0.284414888022856,-0.24070795134212,-0.279402267336429,0.262298301290274,0.210451965330718,2.61393675328307,-0.323609813195508,-0.123162762455514,0.193393995013334,-0.1906374284762
"TCGA-US-A776-01A",0.101805844284941,0.189114813794107,-6.25028932093566,0.0462797880813748,0.248127429477892,-0.0648663693214942,0.166043950220623,-0.163572458063186,0.208646448724289,-0.143507940005395,-4.0698538104406,3.44966534069017,-3.67379605574505,4.15548936845714,-0.237466670856056,6.81461919215725,-3.75449569155124,-0.463671642344756,-0.0407125387367419,-4.63769174315786,0.179593479001224,-0.295901456911653,-0.366051838008173,-0.0446316324655183,-4.2650305340507,-0.130958494687271
"TCGA-IB-A5SO-01A",0.3300016211032,0.266217143442799,0.191316614839637,-0.267910884374085,0.113893960332261,-0.444188564606983,0.251920733405159,0.287600506204546,0.198825220314662,-0.158623369931293,0.376178098197634,-0.314598201929365,0.557173439714685,-0.490770076625038,-0.382007675339375,-0.146849705069401,0.2559418021396,-0.357943497254953,-0.0736169480727699,0.237873894430042,0.229116976641782,-0.606819774317912,-0.28853919833813,-0.0676530345983879,0.2458914956135,-0.189876640584912
"TCGA-FB-AAQ0-01A",0.157865866594784,-3.66556398755502,0.070882581566113,-0.0345042436262929,0.313155248073754,0.272753865780709,0.263623262834389,0.014486495660078,0.389940157555849,-0.653503161708001,0.144942095601822,-0.157973643428424,-0.327424138592755,-0.0376521703954979,3.23813059610111,0.105920500415283,0.315859323872135,-0.538986893927796,-0.416324880919108,0.20606376555559,0.224489660484522,2.96555979396702,-0.501992605315998,-0.14531343577924,0.268484697585277,-0.141518106092036
"TCGA-IB-A5SP-01A",0.137342601187081,-3.85141005629889,0.0378154729060027,-0.148825647539359,0.316370597301564,-0.107878063126402,0.271195063232505,0.151609887289616,0.396999736748714,-0.408392564964986,0.146059992008776,-0.720991948449108,0.0253935044339345,-0.0246301746173436,-0.269608797710526,0.0242807301593435,0.323585498499699,-0.338704142219766,-0.404421465125524,0.195531329626277,0.229840179506918,-0.0645848644267866,-0.473010525872058,-0.143569940080929,0.225511815558005,-0.305121318396614
"TCGA-HZ-A77Q-01A",0.295181144179436,0.253972644333963,0.217214982338694,-0.189799501054566,0.154408989402656,-0.343478389658335,0.245153384092656,0.426546666731315,0.123315166005307,-0.234774265626,0.324696203620108,-0.523388900261675,0.409834334838339,-0.312160373600641,-0.310823586446328,-0.0878102135680393,0.297472144102951,-0.576830644516329,-0.0473754383483616,0.289780689298416,0.21835185569019,-0.237670231904323,-0.268565961088473,-0.0681089802210529,0.21380152219943,-0.203726420644731
"TCGA-3A-A9IN-01A",-4.15076752534791,0.121099440386621,0.056112677328684,3.26953669707436,-4.40367388581187,-0.0925872202581354,-4.00736795843773,-3.90441373061815,-4.14644446302886,4.31561168034737,0.247948267376198,3.37139970773619,-3.4422910840213,-0.329377367170604,-0.306136078448925,-0.323953267431796,-3.78633857767694,3.75119755203657,0.195461729576183,-4.58979020306091,-4.58400064625528,-0.840217930178899,3.81891094715735,0.0201985185203461,0.151655525790818,4.18879210873308
"TCGA-3A-A9IV-01A",-4.34870261613843,0.105133984863667,0.0261051324454452,4.15346462773593,-4.58665775885539,-0.253590259265582,-4.01344584944948,-4.40539452061708,-4.31977378523955,4.55880046408247,0.189922733606155,3.71086365435729,-4.28542420931559,-0.202357701157496,-0.247872726568705,-0.298762463583605,-3.73751968568575,4.67443376224784,0.0513837098123097,-4.63543185852791,-4.58509361417107,-0.570488575962989,3.69873208984409,0.00829846938648377,0.0462715106749067,4.23970700468979
"TCGA-3A-A9IR-01A",-4.28090680589453,0.232878205154477,-6.27382868549476,3.79715075071666,-4.63196501163993,-0.443905809605198,-4.01566546139507,-3.99797139296469,-4.2334822647479,3.491887439813,0.197916382680047,1.8946023985679,0.352245472433073,-0.212837495439574,-0.18785965189346,-0.316912543591564,-3.79552263597459,4.00983306916079,4.50858069384705,0.185735100555132,0.208521414186511,-0.641679425939971,3.79430184580584,-0.00880532751158348,0.0576698901734262,4.31230115258789
"TCGA-HZ-7289-01A",0.124114237686067,0.242955969968634,-6.2575222015863,0.0381269305832568,0.316616167914261,0.0598109252545786,0.195922287470461,-0.199775739595879,0.21709467716509,-0.185705446526414,-4.12269014468453,3.99069066251686,-3.50788886254663,4.45877079029989,-0.2216583111648,7.13538603849984,0.16147762740013,-0.386793389038728,-0.102386154420591,-4.60495082729177,0.197544776780993,2.52611452414688,-0.45376034993282,12.3599502718171,-4.2671273179958,-0.175668528091235
"TCGA-FB-AAPP-01A",0.116034621458954,0.267013779465016,-0.108860507435174,0.0944064584184351,0.337810907770308,6.43987387527131,0.202904042106258,-0.022211130977889,0.287879466533998,-0.466651680882765,-4.09208774051185,2.87740330871176,-0.649331056322668,0.0567898541350851,3.41716604004353,0.129363110831222,0.326575422584363,-0.244445818128404,-0.200458987231194,-4.37235016833613,0.189491631686407,2.95738395634749,-0.569430972734503,-0.0878399679634818,-4.2854574292411,-0.260016911771559
"TCGA-IB-A7LX-01A",0.193393652553694,0.302348596160028,0.158193451079675,-0.468392388541658,0.303240548441165,-0.0686607885725437,0.278593955790281,0.0235840218102238,0.309117681340905,-0.44836827369971,-3.71070048405087,-0.476213899193171,-0.546986319078164,-0.107226950035017,-0.188528242394436,0.0595450017057908,0.297965640769393,-0.478862902662391,-0.496473952523715,0.221994058327319,0.229269583470699,0.0476394509674945,-0.331515710119373,-0.124604199538243,0.26376604380052,-0.245570642713744
"TCGA-IB-A7M4-01A",0.18161942911176,0.315141186436978,0.117830176686411,-0.278691111797983,0.250804604379869,-0.0977579866009481,0.237099283859019,0.173418225470629,0.291355679776788,-0.52448258612805,0.239929689108767,-0.462191831952079,0.144557683221825,-0.185422360375825,-0.262524830090404,-0.0400412808784074,0.27357086643119,-0.628049483305629,-0.330193849477554,0.248225665182406,0.215974638013612,-0.313424367306974,-0.386109080185653,-0.108460471943537,0.326142086504911,-0.249091055323779
"TCGA-3A-A9IO-01A",-4.16939838024887,0.180272443161875,0.0155541344444683,4.46416052618761,-4.6194638716699,-0.284442246649784,-4.01450147842975,-4.26848337251624,-4.24933717737931,4.42487769092577,0.183975491229721,2.96539209859052,-3.20790926682093,-0.319310074209939,-0.352947386066813,-0.31919854700239,-3.79623545894794,3.29644897905719,0.0724800911609172,0.154022964472657,-4.58008031537265,-0.741248519461366,3.82015899184855,0.0200638995457447,0.106264362945844,4.32919671842322
"TCGA-US-A779-01A",0.203737498968395,-3.7718349137857,0.10612946154624,-0.219087866912062,0.235636594569221,-0.115221826005836,0.260991766191298,0.116701581495428,0.328629142729543,-0.358223286514332,0.177699853327362,-0.0427814994853145,0.00596914564806734,-0.0779003319130151,-0.315567732130134,-0.0459115590904296,0.289673459549576,-0.166424609844319,-0.367465894385548,0.183354088022818,0.235405723644493,-0.296351284038709,-0.334155521301645,-0.0958404690468713,0.265034593087815,-0.219212424506311
"TCGA-2L-AAQE-01A",0.17231583333863,0.250057359791721,0.17792367903748,-0.39284897775591,0.235937122174199,-0.216351168081354,0.255728593478094,0.0634939529119945,0.314092607105477,-0.376641091584373,0.203000781909934,-0.214494900543004,0.0681733679035725,-0.231419243097482,-0.25398592944,0.0792969766692821,0.298156092855328,-0.691593178799956,-0.387797560512556,0.246454259319988,0.23139049942344,0.068112627493446,-0.345655920705162,-0.11382060246546,0.241712466225255,-0.22561155009523
"TCGA-FB-AAQ6-01A",0.173289160743702,0.329857590875544,0.00902924447470575,-0.223181778352979,0.335381914763566,-0.120213584364017,0.284405995764222,0.270991029791974,0.39125499603193,-0.321608282743386,0.0889600180928964,-0.279322240691594,-0.152563368154357,-0.109867943319908,2.95118956762376,0.0678344040972603,0.313457443807967,0.0166260179634054,-0.486266190370832,0.226243492676106,0.226199943457246,-0.139055312893288,-0.466892770919257,-0.13256048904224,0.289951015672401,-0.168870569084135
"TCGA-2J-AABK-01A",0.255886837931227,0.271823494381427,0.0892434358181869,0.00274520381522196,0.2356405265004,-0.358241960706503,0.253331229162564,0.235065491900169,0.344824701293181,-0.308255978803257,0.195281553318779,0.168590739452522,0.26673734350816,-0.282008403959551,3.07427301289106,-0.230693740064321,0.234554368241263,0.36600867748316,-0.374951430470513,0.150066970242171,0.210577061065722,-0.52793002392082,-0.251891886355349,-0.0903603769751791,0.269179675973944,-0.269729864018446
"TCGA-HV-AA8X-01A",0.19948997663851,0.358413601482754,0.135093691451155,0.0185553239463577,0.291377982108371,-0.310211299760828,-4.00658246680745,0.326934464138425,0.355140716050425,-0.419780779241607,0.120757368918847,-0.449589860910722,-0.158120421670516,-0.127184845082717,-0.253262509901394,0.0651866855575359,0.352679395104957,-0.297944715585482,-0.498292557624652,0.245877396655956,0.209010344138517,-0.10984923177726,-0.420246925887243,-0.116044532654048,0.11054440192595,-0.2319317391759
"TCGA-IB-AAUM-01A",0.310074724066026,0.251062908325122,0.0991324172339784,-0.360981245735317,0.142649373634321,-0.657628776144599,0.236843799715822,0.292519052631721,0.227325966525877,0.000931570468501141,0.283318676352001,0.31148837962999,0.91145893879566,-0.487316082040648,-0.326495767875358,-0.486921794096526,0.209557317376822,0.302476863991727,-0.136063321907547,0.152402200972679,0.211321555125279,-0.52324042156384,-0.114606541064336,-0.0432188082714286,0.295164328486951,-0.324723595247842
"TCGA-H8-A6C1-01A",0.185998146502533,-3.78127227818009,-5.63438393629715,-0.29822275301226,0.194034441554847,-0.160596893006952,0.220775601506318,0.155192245981327,0.249022994273835,-0.0984533591513336,0.300417581294134,0.183204550848317,-0.204051346491808,-0.433102146681186,-0.308796041210396,-0.0926634717551147,0.256454302095615,-0.436817418672911,-0.141285165615213,0.166740626705007,0.210364029508073,-0.216605235495869,-0.328907713994139,-0.0756803178879681,0.253799860726916,-0.160037512944812
"TCGA-F2-7273-01A",0.346161220369327,0.227645728625425,0.207776312423519,-0.226622933518489,0.127470258369198,-0.652502484640965,0.245488434152005,0.500486680906165,0.151228207028225,0.0208121413810724,0.354422587359604,-0.16877417868676,0.519571501379188,-0.525640976456655,-0.385681340771069,-0.431278423249211,0.207260753862847,0.278058421008811,-0.0701856304823777,0.197827586517234,0.220901456286382,-0.638695447283918,0.0977896516679931,-0.0315971514961152,0.222439622120174,-0.264843553467033
"TCGA-FB-AAPY-01A",0.247081288990821,0.250705409433179,0.163210659324313,-0.41088855193745,0.270191326222788,-0.13822834398958,0.229554158278195,0.217671357805031,0.28094156297814,-0.157254653235355,0.334378638597457,-0.38397922406218,0.592268243251388,-0.242271936261567,-0.320414790928313,-0.150263249803446,0.250842423085927,-0.563105266497019,-0.210916699186823,0.178781071128414,0.232647487285006,-0.459254298403591,-0.210173931111892,-0.0849769341680459,0.275453969463886,-0.216988941420892
"TCGA-FB-A78T-01A",0.194300754462296,0.314214264323196,0.0824797985301572,-0.184052337116168,0.278305361453996,-0.146136932337254,0.266250971573679,0.367969472290938,0.38022140700516,-0.506751367904216,0.134955197523053,-0.462085941417797,0.279480848929275,-0.138428987377925,-0.233333968367555,0.0475626742101715,0.319890696094257,-0.247395983880543,-0.429219025325476,0.171770973198506,0.218130102318347,0.104826993208909,-0.318583633149156,-0.110228705785393,0.248796776250208,-0.296108088255337
"TCGA-IB-8126-01A",0.313287019482549,0.227868313995728,0.234330474825377,-0.214368661530641,0.0296458236231397,-0.567666404602309,0.207133376254207,0.393532104279283,0.10957095238583,-0.107013564295637,0.304957644954582,-0.138437198939457,0.820183891468878,-0.19968634567013,-0.33787431704533,-0.478561724500975,0.238980737410926,0.515654300169416,0.0441322081189391,0.186221326614805,0.206446778671828,-0.485185842910772,-0.0151713954311454,-0.0198193861666092,0.235756729910834,-0.318778711297343
"TCGA-Q3-AA2A-01A",0.214829073501353,-3.7500617582676,0.16767925828333,-0.0559468028198743,0.190196236409602,-0.0103076681311927,0.276627963940488,0.168984833310224,0.295904556409504,-0.249680067153945,0.211883269866778,-0.302242494207611,0.325360907382571,-0.135575867359326,-0.254694759878017,-0.0104110846023195,0.260223630532169,-0.487729947003374,-0.319929480811281,0.230924380386782,0.201479820118193,-0.016065442705823,-0.372426798779794,-0.0888886319274701,0.242947178999101,-0.233885544975458
"TCGA-HZ-8002-01A",0.340784196480442,0.242752313180831,0.231560936781465,-0.342437949532135,0.0878436906691028,-0.689454120879667,0.243512145184774,0.331791409370485,0.157005741457284,0.0770376464670645,0.327949518199251,-0.205426537327102,0.471524633335035,-0.544224019940669,-0.381324395812462,-0.209998488407588,0.23153360373392,0.0722629881409253,-0.118604812615452,0.202108419227808,0.206281971270828,-0.448264245201124,-0.0241913614152164,-0.0249648582033081,0.217762634042137,-0.262857538458953
"TCGA-IB-A5SQ-01A",0.309495599841928,0.24582038907606,0.246961729206027,0.00446707407151247,0.0988941791475761,-0.262049988362076,0.244513158573144,0.336156771084828,0.0877401282853251,-0.244521816625357,0.381464313253824,-0.447261186821266,0.293066445427847,-0.166044188024694,-0.346568501684213,-0.458992060437667,0.215536337146447,0.485054255148948,-0.092916808735138,0.263291466360666,0.210875695983707,-0.727990153498625,-0.0465720890531714,-0.0554106977018478,0.245951829396641,-0.166224424950437
"TCGA-HZ-A49I-01A",0.248258157130077,0.332375401508357,0.166854100911765,-0.173996856161023,0.249241536674773,-0.167655070939708,0.287327247111739,0.351070659650113,0.360184747835425,-0.362691590000266,0.156560505235358,-0.400109546305822,0.689278172039663,-0.183926359039033,-0.314142926591826,-0.106737095545196,0.304787652053653,-0.456153564184693,-0.352575979150295,0.224402512031061,0.236364963721175,-0.272463348806327,-0.261522394963804,-0.0939079324523691,0.21807552180184,-0.202468724889606
"TCGA-IB-AAUR-01A",0.317635395149774,0.248865656926938,0.248721587929722,-0.417575854770215,0.171850465832823,-0.3010455014091,0.16394609944589,0.389650421592732,0.166907000479636,-0.14418805573144,0.299335927409255,-0.0744259320823467,0.59907813650775,-0.418300553038787,-0.307362192428229,-0.31634353972515,0.248948950882856,0.160720831418439,3.88553974361716,0.263982589158401,0.208465116121866,-0.566866980409185,-0.131288352436684,-0.0395175891383922,0.282132101341879,-0.149537121382856
"TCGA-FB-A5VM-01A",0.255445806426589,0.29238123145561,0.212280466708466,-0.31714704300938,0.317620611249428,0.124709190343032,0.235002021206192,0.148289622744241,0.235210013535515,-0.489233327722059,0.349096172608274,-0.447731410216816,0.595704389513476,-0.279872683177439,-0.28167741133844,-0.219482062282651,0.298104492536479,0.0607099761764166,-0.177122680466113,0.269993770635457,0.212214648963117,-0.451154288956963,-0.251939883466813,-0.0958764246073789,0.361282065643057,-0.220373811934092
"TCGA-FB-AAQ3-01A",0.216294058434026,0.253214304284772,0.184724549487085,-0.184847528710421,0.264300302830092,-0.0807851526137559,0.264573149489616,0.217253835271085,0.290252206245634,-0.462825254685559,0.217676332009041,-0.708886753233808,0.105883843086915,-0.209869973911519,-0.270899763239716,-0.252971762054227,0.271421708160753,-0.556201703198045,-0.433162203749759,0.207885109764851,0.231370803075044,0.0940455425098207,-0.372229569384784,-0.0967849655841756,0.294294368128618,-0.289073619065575
"TCGA-XN-A8T5-01A",0.316090648564068,0.207072623297483,0.205697984705427,-0.260119924628174,0.0895750460291538,-0.197380468836985,0.187143551271561,0.351961674088646,0.104792111091742,-0.237245146698505,0.353848966715947,-0.0792219174632179,0.723768121331809,-0.42083981400639,-0.344228369979322,-0.484887762021039,0.247122229730552,0.391187827822504,0.124503017972348,0.257647276910364,0.211968584157196,-0.507289695291813,-0.0147120482001164,-0.0272418253364041,0.245201106751922,-0.133417290587005
"TCGA-IB-8127-01A",0.200665239975699,0.279531077544204,0.144858055346856,-0.21406945665063,0.285020499612976,0.0268397272504375,0.275814691026288,0.309126515542446,0.288341050493898,-0.370635174169198,0.09560956399527,-0.256742650270656,-0.203501624891065,-0.219536866573029,-0.245463186718128,0.021382709925812,0.312438731749104,-0.253829470424078,-0.402555354012468,0.252285363716395,0.232706187586475,2.75053270362168,-0.327032901698256,-0.129150035327939,0.204166924958859,-0.285419101200723
"TCGA-3A-A9IH-01A",0.170058504796701,0.293322574396735,0.177007914543877,-0.309139335165423,0.231618160904233,0.192212895687645,0.270884415248167,0.150178028312936,0.286308966682183,-0.293357635515497,0.191230564352528,-0.713533488420211,0.334817935072942,-0.307895869690034,-0.296328255800772,-0.133919044109498,0.253172671527583,-0.121844650777777,-0.450932592104629,0.217353121294116,0.229251222805848,-0.282307926423161,-0.372170321702475,-0.122092774431154,0.210074066280562,-0.249417747299078
"TCGA-XD-AAUG-01A",0.307600228923918,0.19685012164569,0.218918120424395,-0.0599516206648238,0.0426747388114518,-0.292132911279079,0.238725500737879,0.294941434903055,0.0839831051755941,0.0286688849122035,0.43381175222198,-0.094027032038836,0.48401936902343,-0.477887591479137,-0.366418272067396,-0.479258109556341,0.158970350940015,0.241723515329739,-0.102868520858791,0.20966783897298,0.221747023712706,-0.722317986083169,0.0141147608877176,-0.0212013669510155,0.226357938372585,-0.164194735931914
"TCGA-IB-7891-01A",0.308284063990944,0.250203742159449,0.194904255151093,-0.194772835207675,0.109772796210921,-0.409608174718654,0.240983290766517,0.377210907504886,0.125849601644158,-0.230946293937846,0.287828557846101,0.0356344559344604,0.736353834355242,-0.37610573376174,-0.306634775875761,-0.407065211962568,0.243809449337543,0.0368483894393709,-0.0918902861463738,0.212965633830806,0.214010455553875,-0.53989490930872,-0.120265422468084,-0.0398456093437959,0.224837475042789,-0.288548583023663
"TCGA-HZ-7925-01A",0.263216517194506,0.276888795026147,0.269837714125848,-0.122166628297665,0.161388037181587,-0.124339052285053,0.268006326067644,0.253613352585693,0.154891234786357,-0.261504139790522,0.33938862901896,-0.426914474267926,0.564252965589954,-0.477827086367835,-0.342745088128236,-0.160569353889691,0.251288221894771,-0.0648020057662611,-0.135291025260681,0.259966469557026,0.215903468009793,-0.250957878745971,-0.251386309460564,-0.0723941332115504,0.239846988446124,-0.143542776141573
"TCGA-2L-AAQJ-01A",0.161419635981516,0.337295486615777,0.192507418466342,-0.142225855355636,0.263393957676123,-0.0965360112069763,0.264767080196049,0.23291361662447,0.321632250362363,-0.377064237034921,0.124596315208505,-0.342500736748333,0.190174049944971,-0.025330941427352,-0.248771005471173,0.0592400404337997,0.356885899008869,-0.356285270050718,-0.416905758040852,0.272222276839091,0.232193075781631,0.031409300879409,-0.436702967152918,-0.131633023036646,0.227275413834911,-0.24681353101365
"TCGA-IB-7887-01A",0.211649362544185,0.249527309617149,0.23689306648236,-0.311905604696731,0.175916432843948,-0.219552657996751,0.251498631335567,0.334672929869876,0.157709978952638,-0.215546084870302,0.291086028952115,-0.978754605029902,0.210953454683906,-0.305698946044101,-0.29951555459339,-0.116340918498662,0.259642892398209,-0.184973363333776,-0.0787191037420148,0.272677254052985,0.214001454641627,-0.209638837226816,-0.277836261757458,-0.0810500305767377,0.263940795793883,-0.237317282481357
"TCGA-FB-AAQ1-01A",0.235137145916387,0.29083686656006,0.202822420239897,-0.639784491717307,0.294306070247089,-0.129889346568926,0.28230031997769,0.251961912261572,0.345338376420361,-0.299498020614024,0.184864210500389,-0.52377188565677,0.588668822227832,-0.210648376653962,-0.280493765631403,-0.166808879058326,0.303002760095991,-0.183745609531373,-0.418053477776354,0.189340419939259,0.214620414383523,-0.0970996948629226,-0.183379843119591,-0.0938143742093733,0.259427630835333,-0.288967641988832
"TCGA-S4-A8RP-01A",0.220244473091835,-3.69049915380427,0.121315918711476,-0.163030054318843,0.162827164012775,-0.285256045401039,0.263627748509943,0.279809101323054,0.269109053333552,-0.351064612328603,0.169616106300492,0.027364955805832,0.46618330584987,-0.259503283597638,-0.289742855704536,-0.0924500566791739,0.246786079104082,-0.0675994399342186,-0.386852573630701,0.183910905573975,0.214507260058124,-0.349193776937056,-0.313057187036492,-0.0950136207786821,0.170879584922756,-0.225058645305051
"TCGA-FB-AAPQ-01A",0.165585293470567,0.324965659292043,0.0736383591592636,0.00756156017189377,0.27574345316554,-0.283458511503823,0.289145879535513,0.253747150780196,0.396426713973238,-0.461607986131577,0.15255862707941,-0.422698163755163,0.0796677875084861,-0.191628101505677,3.40749126799425,-0.123209899522013,0.295682032229088,-0.166925508036794,-0.500095383871795,0.205419650590931,0.220672904883362,-0.246326998206271,-0.418534483187443,-0.113135961131259,0.241836733420627,-0.205317573506313
"TCGA-YY-A8LH-01A",0.131330025841179,0.321074688703508,0.0222035789780098,-0.17945389623106,0.323221762270493,0.249224759954768,0.252019517949017,0.127952925153129,0.352424220486128,-0.197799481533357,0.092445450276975,0.122341741929673,-0.122030972808073,0.0750560511905323,3.44295507324733,0.0628842648356365,0.296475209973629,-0.251596899895384,-0.400957503349297,0.208575903627367,0.234775231172287,0.146886384794905,-0.488717900047176,-0.134865822779354,0.258480638414467,-0.18742474950931
"TCGA-HZ-A77O-01A",0.218066806525792,0.275028578109321,0.18821901445875,-0.254351707894381,0.240189080535498,-0.151733337958763,0.249746307164643,0.147375173935203,0.191375834524237,-0.0639144083848681,0.301132753108302,-0.598303361135491,0.309440701089568,-0.121831498366014,-0.313172451626504,-0.0937609655115461,0.236514102439854,-0.605267796189504,-0.255564366458499,0.16127356388612,0.204153091055754,-0.319392084529879,-0.289392325032341,-0.0768966049600242,0.304308036309305,-0.308573660616144
"TCGA-FB-AAPZ-01A",0.24035018096302,0.352892927810862,0.248780866792402,-0.168624844663296,0.249795238627043,-0.244322459162433,0.311264865308255,0.289002700916394,0.327653355354696,-0.475793957801579,0.100731282257788,-0.820794345563831,0.988742953870029,-0.11457450335506,-0.258424473436569,-0.101963420946388,0.364986580167224,-0.226129082675325,-0.443856319416974,0.247322837684356,0.231319439065285,2.6654146791954,-0.368941148318322,-0.121522530807907,0.27243214083641,-0.289779796982189
"TCGA-FB-AAQ2-01A",0.170301527648813,0.268305321128227,0.132322524537618,-0.202004231189614,0.261803936732868,2.82194010613943,0.240399574790813,0.0596781775235187,0.258202353047594,-0.290533046405084,0.175314734544479,-0.624670363511954,0.242804353536644,-0.0766293717122702,-0.271375118105608,-0.0945438330143127,0.273597245472335,0.197669374763755,-0.398272636184742,0.254666794893532,0.210195185153074,-0.359660575731575,-0.199879688737409,-0.102279854675223,0.303932095046703,-0.142500796272157
"TCGA-LB-A8F3-01A",0.243516046764468,0.270966243014405,0.103641238280367,-0.487894653530542,0.316501401546436,-0.124221483840987,0.262257065615117,0.250767656470645,0.312492224107947,-0.227673971114453,0.189301666756483,0.491005960942484,0.574375502404219,-0.0875394041847988,3.27074572957582,-0.219718852340052,0.297293728764507,-0.0938422787356697,-0.430061494512274,0.156949560920022,0.214600100032293,-0.281293969701547,-0.199267026773016,-0.0696117950209919,0.311275518372338,-0.25234293812595
"TCGA-IB-7645-01A",0.295616095378106,0.257140100273777,0.265898018127906,-0.243147464013228,0.0924025347581897,-0.256443055265734,0.228318025713642,0.496598030705799,0.123230769542742,-0.185933152183,0.307979549634803,-0.220483909967152,0.699312093919285,-0.364938344243635,-0.315071352971337,-0.39176884339066,0.281490617109834,0.258146177782881,0.0274288141658859,0.275507741610081,0.215267184252962,-0.46773692000448,-0.182382086194328,-0.0382576229403351,0.219696854737923,-0.165181756594221
"TCGA-HZ-A9TJ-01A",0.144042759460737,0.326850100406391,0.139541334952478,-0.137936388166583,0.299247987483629,0.0116268765059163,0.271122156052507,0.101874956305974,0.378050851992553,-0.200312938388742,-3.72561623555178,-0.0644971035419181,-0.0913771381199717,4.03652326169871,-0.2617721124402,0.0361099201271642,0.255171200782145,-0.437522314507357,-0.477628987344994,0.21268833147369,0.227090445670296,-0.117692195722182,-0.399480558332706,-0.115021753502894,0.3129447663712,-0.197270968853174
"TCGA-HZ-A9TJ-06A",0.146471761952952,0.321967304008122,0.152751547557717,-0.40225689585724,0.317819458914017,-0.0745775387671153,0.257573960528167,0.0589432692850982,0.356756070523894,-0.137116597089703,-3.84897397894756,0.110487193878157,-0.365807353639427,3.92130338821547,-0.156059059880832,0.101523507911114,0.180644880229397,0.0791251637922339,-0.401745877880667,0.214840215706829,0.216566026854869,-0.29876592116378,-0.270386327409746,-0.122315202348644,0.28900255340299,-0.199564617723703
"TCGA-2J-AABF-01A",0.256076922250565,0.259580670721411,0.158495701329277,-0.214260008372588,0.158063664406555,-0.312074902293943,0.256322945488944,0.304480369998783,0.264019219995997,-0.316534984362369,0.255936872798778,-0.255583101042097,0.768280070854327,-0.265459558266117,-0.331818361405051,-0.110341592446558,0.260553114038137,-0.209875549369083,-0.20051091889782,0.180100669516318,0.20610150447543,-0.460033317837501,-0.194802896096397,-0.0868723286486018,0.206478206801852,-0.219927403080272
"TCGA-2J-AAB9-01A",0.299633413336984,0.248515508069401,0.181826900347495,-0.496184291399197,0.138061170125273,-0.247593779664451,0.240453701942493,0.213269424119024,0.117753511886422,-0.0112826284139174,0.399101842278832,-0.608223915731101,0.573201379440041,-0.380204172572794,-0.377938525371256,-0.298563541992971,0.203193940106444,-0.0321585592789472,-0.128349376198641,0.16140194829876,0.220755577714129,-0.567474216019188,-0.127586615146018,-0.0400729589652971,0.261286869257374,-0.307176621119684
"TCGA-IB-AAUT-01A",0.337658799600678,0.221040461138307,0.148821075158941,-0.0692378811209456,0.11032494740153,-0.52363087545204,0.233343547336017,0.392554289969057,0.149315017866975,-0.0251868969678054,0.355622527825742,0.383342717773666,0.413802210580019,-0.600902018481958,-0.398872185988053,-0.333252154033293,0.205085745529389,0.25048212642619,-0.0426381280547736,0.167967216167885,0.215514963518358,-0.638762342137777,-0.121016157986573,-0.0241355141844824,0.215939521897605,-0.275055738467964
"TCGA-OE-A75W-01A",0.1905730883249,0.320127641258068,0.122545219622501,-0.0443966052898444,0.364843584945677,0.167969548092832,0.277848675749305,0.228063270096483,0.361326048764174,-0.507024461140114,0.170931482588452,-0.313855541819151,0.0707004744552409,-0.100150932091738,-0.221427753412793,-0.08333218513667,0.33325781358615,-0.462210465000597,-0.465770944477798,0.223493534441194,0.228241266625604,-3.83849378838079e-05,-0.425182871763352,-0.147907730177338,0.303712237701044,-0.203445897197262
"TCGA-2J-AAB4-01A",0.246625505268427,0.300697481239668,0.127696095107061,-0.0979094917806149,0.243119669902702,-0.31868104742105,0.267807580736116,0.269144010657278,0.319951418108973,-0.0978613463802119,0.285113189546889,0.00190638848257476,0.602836047684379,-0.403476790802067,-0.333932561901479,-0.21083358827831,0.234085643720155,-0.44298014108506,-0.32911887394609,0.166047131586604,0.223516236246015,-0.419503399506166,-0.230126254478746,-0.0911067988564981,0.211727135946457,-0.227230521814732
"TCGA-IB-7652-01A",0.259996407089657,0.294636116298616,0.160434785677074,-0.100121779728547,0.142207516615004,-0.210542756080401,0.266234394510467,0.411296623035923,0.188553641535936,-0.431704471233395,0.250117466050948,-0.570454729146897,0.640292653539888,-0.362000666587612,-0.355971776567013,-0.345491075030097,0.263593820022667,-0.0539893861230318,-0.210738347303726,0.20620122060608,0.225166901880806,-0.406839444388564,-0.220349708070037,-0.0730000631772977,0.160471707361834,-0.260299570525912
"TCGA-3A-A9I9-01A",0.238509742120724,0.242598869993076,0.120200982435661,-0.25995076461972,0.280706220642734,-0.204926602712261,0.244331169731852,0.0785844166181962,0.278412450087725,-0.046187293190227,0.313998619187824,-0.393078348996971,-0.181741604693714,-0.332149079406006,-0.325970450336211,-0.205058372975967,0.238025293131789,-0.138874401840199,-0.264356666745891,0.129800952449278,0.222279004539571,-0.492375314059472,-0.200629024672906,-0.0964286106820735,0.267623736299669,-0.309699296620709
"TCGA-XN-A8T3-01A",0.272802289003091,0.248929533413196,0.201980014837821,-0.330827073699014,0.211797595978064,-0.305107091007721,0.251661610880681,0.1971875449973,0.183691300871716,0.00302106180592761,0.364636061007479,-0.172656658717102,0.39106471482351,-0.426902495934036,-0.358564319697192,-0.235813060364473,0.222796342317049,-0.279376574096335,-0.219162441110282,0.150783630374159,0.204354769303271,-0.383181534618965,-0.0615367468611397,-0.0724619562072721,0.223142109735083,-0.297717979931544
"TCGA-IB-7649-01A",0.289524456119199,0.24339587501295,0.176590204419122,-0.336472522332387,0.111245045310204,-0.419594846683872,0.238125108017284,0.370036800424733,0.1523338634843,-0.043645374374133,0.325100214044948,-0.239843973303356,0.652490713604013,-0.350667251841528,-0.377264668804519,-0.34873282112641,0.210529828685983,-0.294120146063315,-0.153581866598507,0.200964821117387,0.224724930176418,-0.521933836120065,-0.124206542357352,-0.0430010777096118,0.228069951964834,-0.258355263848571
"TCGA-2J-AAB8-01A",0.207083919953928,0.281319319972143,0.224290432240401,-0.0560893697186911,0.222528486485096,-0.0196945304821811,0.27014051081436,0.213621029387064,0.24972311511169,-0.365063669332126,0.265372846664793,-0.768169193806442,0.368783511220903,-0.13402081622363,3.37418555044979,-0.0825942135471232,0.320015145683374,-0.349967732716632,-0.169800554696439,0.261188992184472,0.210094032044005,-0.135665963627384,-0.388068715995703,-0.103051204149794,0.22022156067165,-0.218149670296082
"TCGA-3A-A9IB-01A",0.277659506538061,-3.83288417988939,0.241868493721458,-0.339714772441403,0.214535100511109,-0.0330009443443259,0.26079250251504,0.173774814654131,0.146285775945119,-0.171706977806542,0.366230791784893,-0.470573682176973,0.703096778967055,-0.145931960087657,-0.299495309718186,-0.230603409965387,0.267342168987225,-0.674292803159872,-0.161749272443652,0.230188592173439,0.222275675298496,-0.121233701519744,-0.160660358497471,-0.0943485176920717,0.276125880229466,-0.28396338067721
